{"cameraMode":{"drawMode":0,"name":"Shaded","section":"Shading Mode"},"sceneLighting":false,"audioPlay":false,"sceneViewState":{"m_AlwaysRefresh":false,"showFog":true,"showSkybox":false,"showFlares":true,"showImageEffects":true,"showParticleSystems":true,"showVisualEffectGraphs":true,"m_FxEnabled":true},"in2DMode":false,"pivot":{"x":-0.2255677729845047,"y":0.003972273785620928,"z":0.5057273507118225},"rotation":{"x":0.0034225850831717254,"y":-0.997224748134613,"z":0.040076643228530887,"w":0.06523146480321884},"size":0.5341712236404419,"orthographic":false}