{"cameraMode":{"drawMode":0,"name":"Shaded","section":"Shading Mode"},"sceneLighting":false,"audioPlay":false,"sceneViewState":{"m_AlwaysRefresh":false,"showFog":true,"showSkybox":false,"showFlares":true,"showImageEffects":true,"showParticleSystems":true,"showVisualEffectGraphs":true,"m_FxEnabled":true},"in2DMode":false,"pivot":{"x":0.15530604124069215,"y":-0.00644848495721817,"z":-0.24495339393615724},"rotation":{"x":0.007971523329615593,"y":-0.9456937313079834,"z":0.020756835117936136,"w":0.3248055577278137},"size":0.5341712236404419,"orthographic":false}