{"cameraMode":{"drawMode":0,"name":"Shaded","section":"Shading Mode"},"sceneLighting":false,"audioPlay":false,"sceneViewState":{"m_AlwaysRefresh":false,"showFog":true,"showSkybox":false,"showFlares":true,"showImageEffects":true,"showParticleSystems":true,"showVisualEffectGraphs":true,"m_FxEnabled":true},"in2DMode":false,"pivot":{"x":-0.05559098720550537,"y":-0.018706053495407106,"z":0.03327387571334839},"rotation":{"x":-0.00822265725582838,"y":-0.98288893699646,"z":0.054614532738924029,"w":-0.17729604244232179},"size":0.6540477275848389,"orthographic":false}