{"cameraMode":{"drawMode":0,"name":"Shaded","section":"Shading Mode"},"sceneLighting":false,"audioPlay":false,"sceneViewState":{"m_AlwaysRefresh":false,"showFog":true,"showSkybox":false,"showFlares":true,"showImageEffects":true,"showParticleSystems":true,"showVisualEffectGraphs":true,"m_FxEnabled":true},"in2DMode":false,"pivot":{"x":0.006310880184173584,"y":0.571954071521759,"z":0.0002511143684387207},"rotation":{"x":0.23014165461063386,"y":-0.26655104756355288,"z":0.06429685652256012,"w":0.9340196847915649},"size":0.8376919031143189,"orthographic":false}