{"cameraMode":{"drawMode":0,"name":"Shaded","section":"Shading Mode"},"sceneLighting":false,"audioPlay":false,"sceneViewState":{"m_AlwaysRefresh":false,"showFog":true,"showSkybox":false,"showFlares":true,"showImageEffects":true,"showParticleSystems":true,"showVisualEffectGraphs":true,"m_FxEnabled":true},"in2DMode":false,"pivot":{"x":0.000644385814666748,"y":0.33735936880111697,"z":-2.9802322387695315e-8},"rotation":{"x":0.23014165461063386,"y":-0.26655104756355288,"z":0.06429685652256012,"w":0.9340196847915649},"size":0.7005972266197205,"orthographic":false}