{"cameraMode":{"drawMode":0,"name":"Shaded","section":"Shading Mode"},"sceneLighting":true,"audioPlay":false,"sceneViewState":{"showFog":true,"showMaterialUpdate":false,"showSkybox":true,"showFlares":true,"showImageEffects":true,"showParticleSystems":true},"in2DMode":false,"pivot":{"x":-10.704476356506348,"y":-1.6955416202545167,"z":-1.1194137334823609},"rotation":{"x":0.04133431613445282,"y":-0.7556755542755127,"z":0.04790216311812401,"w":0.651954174041748},"size":6.995230197906494,"orthographic":false}